{
  "version": 1,
  "fitted_at": "/Users/bpasu/git/Python-Ganglia/sysid_data",
  "R": 4.8,
  "L": 0.002,
  "Ke": 0.091368,
  "J": 0.18653361,
  "Kt": 0.8725,
  "B": 0.00160436,
  "Fc": 0.0,
  "Fs": 0.0,
  "omega_s_rpm": 21.6499,
  "A1": 0.00597455,
  "N1": 2.5418,
  "phi1": 0.0,
  "A2": 0.00246325,
  "N2": 0.3218,
  "phi2": 0.0,
  "A3": 0.00218939,
  "N3": 2.2201,
  "phi3": 0.0,
  "A4": 0.00198274,
  "N4": 2.8636,
  "phi4": 0.0,
  "A5": 0.00146533,
  "N5": 5.0837,
  "phi5": 0.0,
  "A6": 0.00108557,
  "N6": 1.8983,
  "phi6": 0.0,
  "sigma0": 7.866844,
  "sigma1": 0.27715677,
  "sigma_c0": 30.260019,
  "sigma_c1": 0.0,
  "sigma_p0": 0.0027411,
  "sigma_p1": 0.0,
  "deadzone_pwm_fwd": 230,
  "deadzone_pwm_rev": 230,
  "max_voltage": 24.0
}